cagr,annualized_vol,max_drawdown,final_multiple,start,alpha_tqqq_drawdown_pct,beta_soxl_drawdown_pct,soxl_exit_rule,soxl_entries,soxl_exits,soxl_days,soxl_day_share,uvix_entries,uvix_exits,low_rsi_entries,low_rsi_exits
1.0929211575044713,0.6917944287761975,-0.7449858932148865,151056.8974142674,2010-02-12,54.5,55.0,hold_until_gspc_open_above_prev_close_sma200,15,15,296,0.07274514622757434,127,126,11,11
1.0929211575044713,0.6917944287761975,-0.7449858932148865,151056.8974142674,2010-02-12,54.5,55.5,hold_until_gspc_open_above_prev_close_sma200,15,15,296,0.07274514622757434,127,126,11,11
1.0929211575044713,0.6917944287761975,-0.7449858932148865,151056.8974142674,2010-02-12,54.5,56.0,hold_until_gspc_open_above_prev_close_sma200,15,15,296,0.07274514622757434,127,126,11,11
1.0929211575044713,0.6917944287761975,-0.7449858932148865,151056.8974142674,2010-02-12,54.5,56.5,hold_until_gspc_open_above_prev_close_sma200,15,15,296,0.07274514622757434,127,126,11,11
1.0730543045528522,0.6879346956960358,-0.7449858932148867,129496.29675413406,2010-02-12,54.5,57.0,hold_until_gspc_open_above_prev_close_sma200,14,14,264,0.0648808060948636,127,126,11,11
1.062021988426224,0.6871187885287241,-0.7501802275218727,118806.14676565099,2010-02-12,54.5,57.5,hold_until_gspc_open_above_prev_close_sma200,14,14,261,0.06414352420742198,127,126,11,11
1.0696746662376109,0.6861558161041891,-0.7501802275218729,126129.24282039523,2010-02-12,54.5,58.0,hold_until_gspc_open_above_prev_close_sma200,14,14,259,0.06365200294912755,127,126,11,11
1.0696746662376109,0.6861558161041891,-0.7501802275218729,126129.24282039523,2010-02-12,54.5,58.5,hold_until_gspc_open_above_prev_close_sma200,14,14,259,0.06365200294912755,127,126,11,11
1.0696746662376109,0.6861558161041891,-0.7501802275218729,126129.24282039523,2010-02-12,54.5,59.0,hold_until_gspc_open_above_prev_close_sma200,14,14,259,0.06365200294912755,127,126,11,11
1.0696746662376109,0.6861558161041891,-0.7501802275218729,126129.24282039523,2010-02-12,54.5,59.5,hold_until_gspc_open_above_prev_close_sma200,14,14,259,0.06365200294912755,127,126,11,11
1.0449134474917652,0.681822953257231,-0.767123273018117,103851.7607718051,2010-02-12,54.5,60.0,hold_until_gspc_open_above_prev_close_sma200,13,13,233,0.05726222659130007,127,126,11,11
1.0449134474917652,0.681822953257231,-0.767123273018117,103851.7607718051,2010-02-12,54.5,60.5,hold_until_gspc_open_above_prev_close_sma200,13,13,233,0.05726222659130007,127,126,11,11
1.0469860999433243,0.6816007540154513,-0.7698512914152669,105564.4927610734,2010-02-12,54.5,61.0,hold_until_gspc_open_above_prev_close_sma200,11,11,229,0.05627918407471123,127,126,11,11
1.0469860999433243,0.6816007540154513,-0.7698512914152669,105564.4927610734,2010-02-12,54.5,61.5,hold_until_gspc_open_above_prev_close_sma200,11,11,229,0.05627918407471123,127,126,11,11
1.049154689611632,0.6815895952386017,-0.7698512914152669,107384.84492095721,2010-02-12,54.5,62.0,hold_until_gspc_open_above_prev_close_sma200,10,10,228,0.05603342344556402,127,126,11,11
1.049154689611632,0.6815895952386017,-0.7698512914152669,107384.84492095721,2010-02-12,54.5,62.5,hold_until_gspc_open_above_prev_close_sma200,10,10,228,0.05603342344556402,127,126,11,11
1.049154689611632,0.6815895952386017,-0.7698512914152669,107384.84492095721,2010-02-12,54.5,63.0,hold_until_gspc_open_above_prev_close_sma200,10,10,228,0.05603342344556402,127,126,11,11
1.0445670035029502,0.681666186739344,-0.7698512914152669,103568.0329192894,2010-02-12,54.5,63.5,hold_until_gspc_open_above_prev_close_sma200,10,10,227,0.05578766281641681,127,126,11,11
1.0454524955709132,0.6810871801071418,-0.7682365459211525,104294.67620796623,2010-02-12,54.5,64.0,hold_until_gspc_open_above_prev_close_sma200,10,10,225,0.05529614155812239,127,126,11,11
1.0486022785626705,0.6808106566672286,-0.7682365459211525,106918.36677262178,2010-02-12,54.5,64.5,hold_until_gspc_open_above_prev_close_sma200,9,9,221,0.054313099041533544,127,126,11,11
1.0486022785626705,0.6808106566672286,-0.7682365459211525,106918.36677262178,2010-02-12,54.5,65.0,hold_until_gspc_open_above_prev_close_sma200,9,9,221,0.054313099041533544,127,126,11,11
1.0486022785626705,0.6808106566672286,-0.7682365459211525,106918.36677262178,2010-02-12,54.5,65.5,hold_until_gspc_open_above_prev_close_sma200,9,9,221,0.054313099041533544,127,126,11,11
1.0583770331972033,0.6807869901032809,-0.7714410334986014,115460.18838414091,2010-02-12,54.5,66.0,hold_until_gspc_open_above_prev_close_sma200,9,9,219,0.05382157778323912,127,126,11,11
1.0665303379659132,0.6797545081958432,-0.7714410334986012,123070.52871026924,2010-02-12,54.5,66.5,hold_until_gspc_open_above_prev_close_sma200,9,9,218,0.05357581715409192,127,126,11,11
1.0665303379659132,0.6797545081958432,-0.7714410334986012,123070.52871026924,2010-02-12,54.5,67.0,hold_until_gspc_open_above_prev_close_sma200,9,9,218,0.05357581715409192,127,126,11,11
1.0665303379659132,0.6797545081958432,-0.7714410334986012,123070.52871026924,2010-02-12,54.5,67.5,hold_until_gspc_open_above_prev_close_sma200,9,9,218,0.05357581715409192,127,126,11,11
1.0665303379659132,0.6797545081958432,-0.7714410334986012,123070.52871026924,2010-02-12,54.5,68.0,hold_until_gspc_open_above_prev_close_sma200,9,9,218,0.05357581715409192,127,126,11,11
1.0665303379659132,0.6797545081958432,-0.7714410334986012,123070.52871026924,2010-02-12,54.5,68.5,hold_until_gspc_open_above_prev_close_sma200,9,9,218,0.05357581715409192,127,126,11,11
1.0665303379659132,0.6797545081958432,-0.7714410334986012,123070.52871026924,2010-02-12,54.5,69.0,hold_until_gspc_open_above_prev_close_sma200,9,9,218,0.05357581715409192,127,126,11,11
1.0605777652838557,0.66233790116626,-0.7873316284511711,117469.65922275264,2010-02-12,54.5,69.5,hold_until_gspc_open_above_prev_close_sma200,8,8,163,0.04005898255099533,127,126,11,11
1.0635770436241616,0.6622108825738225,-0.7822779020972739,120261.1392546622,2010-02-12,54.5,70.0,hold_until_gspc_open_above_prev_close_sma200,8,8,162,0.03981322192184812,127,126,11,11
1.0635770436241616,0.6622108825738225,-0.7822779020972739,120261.1392546622,2010-02-12,54.5,70.5,hold_until_gspc_open_above_prev_close_sma200,8,8,162,0.03981322192184812,127,126,11,11
1.0655464148697886,0.6609392284194593,-0.7788985123478489,122127.78147961893,2010-02-12,54.5,71.0,hold_until_gspc_open_above_prev_close_sma200,8,8,150,0.036864094372081595,127,126,11,11
1.0708584754628938,0.6608785786605632,-0.7788985123478489,127299.18624815912,2010-02-12,54.5,71.5,hold_until_gspc_open_above_prev_close_sma200,7,7,149,0.036618333742934384,127,126,11,11
1.0708584754628938,0.6608785786605632,-0.7788985123478489,127299.18624815912,2010-02-12,54.5,72.0,hold_until_gspc_open_above_prev_close_sma200,7,7,149,0.036618333742934384,127,126,11,11
1.0708584754628938,0.6608785786605632,-0.7788985123478489,127299.18624815912,2010-02-12,54.5,72.5,hold_until_gspc_open_above_prev_close_sma200,7,7,149,0.036618333742934384,127,126,11,11
1.0722637101147185,0.660401302715747,-0.7722623141707115,128701.17494135437,2010-02-12,54.5,73.0,hold_until_gspc_open_above_prev_close_sma200,6,6,147,0.03612681248463996,127,126,11,11
1.0722637101147185,0.660401302715747,-0.7722623141707115,128701.17494135437,2010-02-12,54.5,73.5,hold_until_gspc_open_above_prev_close_sma200,6,6,147,0.03612681248463996,127,126,11,11
1.075859307441613,0.6603203832685309,-0.7657973788971971,132354.69746921925,2010-02-12,54.5,74.0,hold_until_gspc_open_above_prev_close_sma200,6,6,145,0.03563529122634554,127,126,11,11
1.0839436523605928,0.6596092478748602,-0.7506275330372741,140927.61757570907,2010-02-12,54.5,74.5,hold_until_gspc_open_above_prev_close_sma200,6,6,144,0.03538953059719833,127,126,11,11
1.0839436523605928,0.6596092478748602,-0.7506275330372741,140927.61757570907,2010-02-12,54.5,75.0,hold_until_gspc_open_above_prev_close_sma200,6,6,144,0.03538953059719833,127,126,11,11
1.1151300488838194,0.6525182177369008,-0.6830335183937313,179126.95674941124,2010-02-12,54.5,75.5,hold_until_gspc_open_above_prev_close_sma200,6,6,79,0.01941508970262964,127,126,11,11
1.1186573015461088,0.6524178716137086,-0.6873716389906699,184011.69229089335,2010-02-12,54.5,76.0,hold_until_gspc_open_above_prev_close_sma200,6,6,77,0.018923568444335216,127,126,11,11
1.122026699046418,0.6524339337920755,-0.6782536148144731,188794.2763142492,2010-02-12,54.5,76.5,hold_until_gspc_open_above_prev_close_sma200,5,5,74,0.018186286556893586,127,126,11,11
1.1260167051785523,0.6522949588078308,-0.6683448678591735,194608.52877128398,2010-02-12,54.5,77.0,hold_until_gspc_open_above_prev_close_sma200,5,5,72,0.017694765298599164,127,126,11,11
1.1145431312327894,0.6514390309419069,-0.6683448678591735,178326.06143506494,2010-02-12,54.5,77.5,hold_until_gspc_open_above_prev_close_sma200,3,3,64,0.01572868026542148,127,126,11,11
1.1087620589712688,0.6515155400205052,-0.6826864278196489,170614.81666680842,2010-02-12,54.5,78.0,hold_until_gspc_open_above_prev_close_sma200,3,3,63,0.015482919636274269,127,126,11,11
1.118903967997963,0.6492954847930701,-0.6528027544161039,184357.9224679152,2010-02-12,54.5,78.5,hold_until_gspc_open_above_prev_close_sma200,3,3,56,0.013762595232243794,127,126,11,11
1.1239966476174925,0.6488317832577979,-0.6528027544161039,191644.21831089622,2010-02-12,54.5,79.0,hold_until_gspc_open_above_prev_close_sma200,2,2,53,0.013025313344802163,127,126,11,11
1.1274265596131694,0.6487467618399374,-0.6436381890255651,196702.82978540627,2010-02-12,54.5,79.5,hold_until_gspc_open_above_prev_close_sma200,2,2,52,0.012779552715654952,127,126,11,11
1.138325016769239,0.6486067231881129,-0.6232429364662542,213620.37584429584,2010-02-12,54.5,80.0,hold_until_gspc_open_above_prev_close_sma200,2,2,48,0.01179651019906611,127,126,11,11
1.138325016769239,0.6486067231881129,-0.6232429364662542,213620.37584429584,2010-02-12,54.5,80.5,hold_until_gspc_open_above_prev_close_sma200,2,2,48,0.01179651019906611,127,126,11,11
1.1416853004708782,0.64851407784359,-0.6232429364662542,219105.775130722,2010-02-12,54.5,81.0,hold_until_gspc_open_above_prev_close_sma200,2,2,46,0.011304988940771688,127,126,11,11
1.119639431961311,0.6473962812948592,-0.6232429364662542,185393.8779137257,2010-02-12,54.5,81.5,hold_until_gspc_open_above_prev_close_sma200,1,1,34,0.008355861391005161,127,126,11,11
1.0645579128727913,0.6402792141107387,-0.6568036304375773,121187.47190190839,2010-02-12,54.5,82.0,hold_until_gspc_open_above_prev_close_sma200,0,0,0,0.0,127,126,11,11
1.0645579128727913,0.6402792141107387,-0.6568036304375773,121187.47190190839,2010-02-12,54.5,82.5,hold_until_gspc_open_above_prev_close_sma200,0,0,0,0.0,127,126,11,11
1.0645579128727913,0.6402792141107387,-0.6568036304375773,121187.47190190839,2010-02-12,54.5,83.0,hold_until_gspc_open_above_prev_close_sma200,0,0,0,0.0,127,126,11,11
1.0645579128727913,0.6402792141107387,-0.6568036304375773,121187.47190190839,2010-02-12,54.5,83.5,hold_until_gspc_open_above_prev_close_sma200,0,0,0,0.0,127,126,11,11
1.0645579128727913,0.6402792141107387,-0.6568036304375773,121187.47190190839,2010-02-12,54.5,84.0,hold_until_gspc_open_above_prev_close_sma200,0,0,0,0.0,127,126,11,11
1.0645579128727913,0.6402792141107387,-0.6568036304375773,121187.47190190839,2010-02-12,54.5,84.5,hold_until_gspc_open_above_prev_close_sma200,0,0,0,0.0,127,126,11,11
1.0645579128727913,0.6402792141107387,-0.6568036304375773,121187.47190190839,2010-02-12,54.5,85.0,hold_until_gspc_open_above_prev_close_sma200,0,0,0,0.0,127,126,11,11
1.0645579128727913,0.6402792141107387,-0.6568036304375773,121187.47190190839,2010-02-12,54.5,85.5,hold_until_gspc_open_above_prev_close_sma200,0,0,0,0.0,127,126,11,11
1.0645579128727913,0.6402792141107387,-0.6568036304375773,121187.47190190839,2010-02-12,54.5,86.0,hold_until_gspc_open_above_prev_close_sma200,0,0,0,0.0,127,126,11,11
1.0645579128727913,0.6402792141107387,-0.6568036304375773,121187.47190190839,2010-02-12,54.5,86.5,hold_until_gspc_open_above_prev_close_sma200,0,0,0,0.0,127,126,11,11
1.0645579128727913,0.6402792141107387,-0.6568036304375773,121187.47190190839,2010-02-12,54.5,87.0,hold_until_gspc_open_above_prev_close_sma200,0,0,0,0.0,127,126,11,11
1.0645579128727913,0.6402792141107387,-0.6568036304375773,121187.47190190839,2010-02-12,54.5,87.5,hold_until_gspc_open_above_prev_close_sma200,0,0,0,0.0,127,126,11,11
1.0645579128727913,0.6402792141107387,-0.6568036304375773,121187.47190190839,2010-02-12,54.5,88.0,hold_until_gspc_open_above_prev_close_sma200,0,0,0,0.0,127,126,11,11
1.0645579128727913,0.6402792141107387,-0.6568036304375773,121187.47190190839,2010-02-12,54.5,88.5,hold_until_gspc_open_above_prev_close_sma200,0,0,0,0.0,127,126,11,11
1.0645579128727913,0.6402792141107387,-0.6568036304375773,121187.47190190839,2010-02-12,54.5,89.0,hold_until_gspc_open_above_prev_close_sma200,0,0,0,0.0,127,126,11,11
1.0645579128727913,0.6402792141107387,-0.6568036304375773,121187.47190190839,2010-02-12,54.5,89.5,hold_until_gspc_open_above_prev_close_sma200,0,0,0,0.0,127,126,11,11
1.0645579128727913,0.6402792141107387,-0.6568036304375773,121187.47190190839,2010-02-12,54.5,90.0,hold_until_gspc_open_above_prev_close_sma200,0,0,0,0.0,127,126,11,11
1.0645579128727913,0.6402792141107387,-0.6568036304375773,121187.47190190839,2010-02-12,54.5,90.5,hold_until_gspc_open_above_prev_close_sma200,0,0,0,0.0,127,126,11,11
1.0645579128727913,0.6402792141107387,-0.6568036304375773,121187.47190190839,2010-02-12,54.5,91.0,hold_until_gspc_open_above_prev_close_sma200,0,0,0,0.0,127,126,11,11
1.0645579128727913,0.6402792141107387,-0.6568036304375773,121187.47190190839,2010-02-12,54.5,91.5,hold_until_gspc_open_above_prev_close_sma200,0,0,0,0.0,127,126,11,11
1.0645579128727913,0.6402792141107387,-0.6568036304375773,121187.47190190839,2010-02-12,54.5,92.0,hold_until_gspc_open_above_prev_close_sma200,0,0,0,0.0,127,126,11,11
1.0645579128727913,0.6402792141107387,-0.6568036304375773,121187.47190190839,2010-02-12,54.5,92.5,hold_until_gspc_open_above_prev_close_sma200,0,0,0,0.0,127,126,11,11
1.0645579128727913,0.6402792141107387,-0.6568036304375773,121187.47190190839,2010-02-12,54.5,93.0,hold_until_gspc_open_above_prev_close_sma200,0,0,0,0.0,127,126,11,11
1.0645579128727913,0.6402792141107387,-0.6568036304375773,121187.47190190839,2010-02-12,54.5,93.5,hold_until_gspc_open_above_prev_close_sma200,0,0,0,0.0,127,126,11,11
1.0645579128727913,0.6402792141107387,-0.6568036304375773,121187.47190190839,2010-02-12,54.5,94.0,hold_until_gspc_open_above_prev_close_sma200,0,0,0,0.0,127,126,11,11
1.0645579128727913,0.6402792141107387,-0.6568036304375773,121187.47190190839,2010-02-12,54.5,94.5,hold_until_gspc_open_above_prev_close_sma200,0,0,0,0.0,127,126,11,11
1.0645579128727913,0.6402792141107387,-0.6568036304375773,121187.47190190839,2010-02-12,54.5,95.0,hold_until_gspc_open_above_prev_close_sma200,0,0,0,0.0,127,126,11,11
